{
   "response_message":"data Updated",
   "response_text":
[
    {
    
       "WHIZIBLE_ID":"27005636701",
       "MONTH":"27",
       "VAL_DQ_IRDA":"VALUATION",
       "FY":"2022-03-19",
       "DOR_TO_OPS_IT":"2022-03-01",
       "CATEGORY":"2022-03-21",
       "ASPECT":"2022-03-21",
       "SYSTEM":"INDIGO",
       "DEPT_RESPOSIBLE":"IT",
       "PRODUCT_ID_COVERED":"12000.0",
       "ULIP_NONULIP_GRPS_VIP":"VIP",
       "RESOURCE":"0.0",
       "audited_net_payable":"379190.93",
       "IMPACTED_POLICIES":"391190.93",
       "AMOUNT_IMPACTED":"2",
       "ISSUES_IN_DETAIL":"{'FN442': 'input[2112.405]output_nav:49.9193fund_SYSTEM :FN442', 'FN444': 'input[2744.5495]output_nav:26.5053fund_SYSTEM :FN444', 'FN443': 'input[5613.3484]output_nav:35.8068fund_SYSTEM :FN443'}",
       "ID":"4308375",
       "SAMPLE_POL_CUST_ID":"None",
       "CURRENT_STATUS_OF_WHIZIBLE_ID":"CLOSE",
        "REASON_FOR_CLOSING":"maya",
        "DATE_CLOSURE":"uhguag",
        "SEVERITY": "yfgyd",
        "REMARKS":"mjhguj"

},
    {
     
       "WHIZIBLE_ID":"1K065610204",
       "MONTH":"1K",
       "AUDITED_NET_PAYABLE":"2021-09-03",
       "VAL_DQ_IRDA":"VALUATION",
       "FY":"2022-03-22",
       "DOR_TO_OPS_IT":"2022-03-01",
       "CATEGORY":"2022-03-22",
       "ASPECT":"2022-03-22",
       "SYSTEM":"INDIGO",
       "DEPT_RESPOSIBLE":"IT",
       "PRODUCT_ID_COVERED":"40000.0",
       "ULIP_NONULIP_GRPS_VIP":"VIP",
       "RESOURCE":"0.0",
       "audited_net_payable":"257008.89",
       "IMPACTED_POLICIES":"257060.89",
       "AMOUNT_IMPACTED":"2",
       "ISSUES_IN_DETAIL":"{'FN361': 'input[0.1367]output_nav:137.2123fund_SYSTEM :FN361', 'FN365': 'input[4764.0965]output_nav:53.9431fund_SYSTEM :FN365'}",
       "ID":"4309532",
       "SAMPLE_POL_CUST_ID":"None",
       "CURRENT_STATUS_OF_WHIZIBLE_ID":"CLOSE",
       "REASON_FOR_CLOSING":"maya",
       "DATE_CLOSURE":"2022-03-22",
       "SEVERITY": "Major",
       "REMARKS":"mjhguj"


    },
    {
     
       "WHIZIBLE_ID":"1K062173208",
       "MONTH":"1K",
       "AUDITED_NET_PAYABLE":"2021-08-29",
       "VAL_DQ_IRDA":"VALUATION",
       "FY":"2022-03-17",
       "DOR_TO_OPS_IT":"2022-03-01",
       "CATEGORY":"2022-03-17",
       "ASPECT":"2022-03-17",
       "SYSTEM":"1INDIGO",
       "DEPT_RESPOSIBLE":"IT",
       "PRODUCT_ID_COVERED":"140000.0",
       "ULIP_NONULIP_GRPS_VIP":"VIP",
       "RESOURCE":"0.0",
       "audited_net_payable":"805569.91",
       "IMPACTED_POLICIES":"805392.91",
       "AMOUNT_IMPACTED":"2",
       "ISSUES_IN_DETAIL":"{'FN366': 'input[20074.8076]output_nav:40.1284fund_SYSTEM :FN366'}",
       "ID":"4300433",
       "SAMPLE_POL_CUST_ID":"None asdfghjklqwertyui bgyftyftygiotyyt gfuygiy ygyug ggy hjygygui jhggyj hjgyug hjgyug hjgyjg",
       "CURRENT_STATUS_OF_WHIZIBLE_ID":"CLOSE",
       "REASON_FOR_CLOSING":"maya jdzxck",
       "DATE_CLOSURE":"uhguag",
       "SEVERITY": "Major",
       "REMARKS":"mjhguj "

},
    {
      
       "WHIZIBLE_ID":"50020921908",
       "MONTH":"50",
       "AUDITED_NET_PAYABLE":"2022-03-24",
       "VAL_DQ_IRDA":"VALUATION",
       "FY":"2022-03-17",
       "DOR_TO_OPS_IT":"2022-03-01",
       "CATEGORY":"2022-03-17",
       "ASPECT":"2022-03-17",
       "SYSTEM":"INDIGO",
       "DEPT_RESPOSIBLE":"IT",
       "PRODUCT_ID_COVERED":"2000.0",
       "ULIP_NONULIP_GRPS_VIP":"VIP",
       "RESOURCE":"0.0",
       "audited_net_payable":"178358.05",
       "IMPACTED_POLICIES":"180358.05",
       "AMOUNT_IMPACTED":"2",
       "ISSUES_IN_DETAIL":"{'FN361': 'input[1301.1855]output_nav:137.0735fund_SYSTEM :FN361'}",
       "ID":"4300783",
       "SAMPLE_POL_CUST_ID":"None",
       "CURRENT_STATUS_OF_WHIZIBLE_ID":"CLOSE",
"REASON_FOR_CLOSING":"maya",
"DATE_CLOSURE":"uhguag",
"SEVERITY": "Major",
"REMARKS":"mjhguj"

},
    {
      
       "WHIZIBLE_ID":"1K069762907",
       "MONTH":"1K",
       "AUDITED_NET_PAYABLE":"2021-11-09",
       "VAL_DQ_IRDA":"VALUATION",
       "FY":"2022-02-16",
       "DOR_TO_OPS_IT":"2022-03-01",
       "CATEGORY":"2022-02-16",
       "ASPECT":"2022-02-16",
       "SYSTEM":"INDIGO",
       "DEPT_RESPOSIBLE":"IT",
       "PRODUCT_ID_COVERED":"40000.0",
       "ULIP_NONULIP_GRPS_VIP":"VIP",
       "RESOURCE":"0.0",
       "audited_net_payable":"217898.12",
       "IMPACTED_POLICIES":"218377.35",
       "AMOUNT_IMPACTED":"2",
       "ISSUES_IN_DETAIL":"{'FN366': 'input[5422.6578]output_nav:40.1829fund_SYSTEM :FN366'}",
       "ID":"4214523",
       "SAMPLE_POL_CUST_ID":"None",
       "CURRENT_STATUS_OF_WHIZIBLE_ID":"CLOSE",
"REASON_FOR_CLOSING":"maya",
"DATE_CLOSURE":"uhguag",
"SEVERITY": "yfgyd",
"REMARKS":"mjhguj"

},
    {
      
       "WHIZIBLE_ID":"50016955709",
       "MONTH":"50",
       "AUDITED_NET_PAYABLE":"2022-02-17",
       "VAL_DQ_IRDA":"VALUATION",
       "FY":"2022-02-17",
       "DOR_TO_OPS_IT":"2022-03-01",
       "CATEGORY":"2022-02-17",
       "ASPECT":"2022-02-17",
       "SYSTEM":"INDIGO",
       "DEPT_RESPOSIBLE":"IT",
       "PRODUCT_ID_COVERED":"2000.0",
       "ULIP_NONULIP_GRPS_VIP":"VIP",
       "RESOURCE":"0.0",
       "audited_net_payable":"182130.14",
       "IMPACTED_POLICIES":"184130.14",
       "AMOUNT_IMPACTED":"2",
       "ISSUES_IN_DETAIL":"{'FN366': 'input[1997.5412]output_nav:40.1931fund_SYSTEM :FN366', 'FN361': 'input[739.9627]output_nav:137.6323fund_SYSTEM :FN361'}",
       "ID":"4217462",
       "SAMPLE_POL_CUST_ID":"None",
       "CURRENT_STATUS_OF_WHIZIBLE_ID":"CLOSE",

"REASON_FOR_CLOSING":"maya",
"DATE_CLOSURE":"uhguag",
"SEVERITY": "yfgyd",
"REMARKS":"mjhguj"

},
    {
      
       "WHIZIBLE_ID":"23025840101",
       "MONTH":"23",
       "AUDITED_NET_PAYABLE":"2022-03-04",
       "VAL_DQ_IRDA":"VALUATION",
       "FY":"2022-03-04",
       "DOR_TO_OPS_IT":"2022-03-01",
       "CATEGORY":"2022-03-04",
       "ASPECT":"2022-03-04",
       "SYSTEM":"INDIGO",
       "DEPT_RESPOSIBLE":"IT",
       "PRODUCT_ID_COVERED":"15000.0",
       "ULIP_NONULIP_GRPS_VIP":"VIP",
       "RESOURCE":"3997.6660699591534",
       "audited_net_payable":"334787.59",
       "IMPACTED_POLICIES":"349787.59",
       "AMOUNT_IMPACTED":"2",
       "ISSUES_IN_DETAIL":"{'FN367': 'input[2335.2297]output_nav:28.5765fund_SYSTEM :FN367', 'FN361': 'input[535.8493]output_nav:128.9751fund_SYSTEM :FN361', 'FN366': 'input[5064.1019]output_nav:40.0745fund_SYSTEM :FN366'}",
       "ID":"4262735",
       "SAMPLE_POL_CUST_ID":"None",
       "CURRENT_STATUS_OF_WHIZIBLE_ID":"CLOSE",

"REASON_FOR_CLOSING":"maya",
"DATE_CLOSURE":"uhguag",
"SEVERITY": "yfgyd",
"REMARKS":"mjhguj"

},
    {
      
       "WHIZIBLE_ID":"50023667203",
       "MONTH":"50",
       "AUDITED_NET_PAYABLE":"2022-02-14",
       "VAL_DQ_IRDA":"VALUATION",
       "FY":"2022-03-04",
       "DOR_TO_OPS_IT":"2022-03-01",
       "CATEGORY":"2022-03-04",
       "ASPECT":"2022-03-04",
       "SYSTEM":"INDIGO",
       "DEPT_RESPOSIBLE":"IT",
       "PRODUCT_ID_COVERED":"15000.0",
       "ULIP_NONULIP_GRPS_VIP":"VIP",
       "RESOURCE":"0.0",
       "audited_net_payable":"72152.96",
       "IMPACTED_POLICIES":"71975.96",
       "AMOUNT_IMPACTED":"2",
       "ISSUES_IN_DETAIL":"{'FN361': 'input[262.4578]output_nav:128.9751fund_SYSTEM :FN361', 'FN366': 'input[955.7809]output_nav:40.0745fund_SYSTEM :FN366'}",
       "ID":"4262413",
       "SAMPLE_POL_CUST_ID":"None",
       "CURRENT_STATUS_OF_WHIZIBLE_ID":"CLOSE",

"REASON_FOR_CLOSING":"maya",
"DATE_CLOSURE":"uhguag",
"SEVERITY": "yfgyd",
"REMARKS":"mjhguj"

},
    {
    
       "WHIZIBLE_ID":"50023821701",
       "MONTH":"50",
       "AUDITED_NET_PAYABLE":"2022-03-23",
       "VAL_DQ_IRDA":"VALUATION",
       "FY":"2022-03-01",
       "DOR_TO_OPS_IT":"2022-03-01",
       "CATEGORY":"2022-03-02",
       "ASPECT":"2022-03-02",
       "SYSTEM":"INDIGO",
       "DEPT_RESPOSIBLE":"IT",
       "PRODUCT_ID_COVERED":"2000.0",
       "ULIP_NONULIP_GRPS_VIP":"VIP",
       "RESOURCE":"0.0",
       "audited_net_payable":"131400.79",
       "IMPACTED_POLICIES":"133400.79",
       "AMOUNT_IMPACTED":"2",
       "ISSUES_IN_DETAIL":"{'FN366': 'input[3276.2885]output_nav:40.1066fund_SYSTEM :FN366'}",
       "ID":"4252756",
       "SAMPLE_POL_CUST_ID":"None"
    },
    {
     
       "WHIZIBLE_ID":"51012223301",
       "MONTH":"51",
       "AUDITED_NET_PAYABLE":"2022-03-06",
       "VAL_DQ_IRDA":"VALUATION",
       "FY":"2022-03-07",
       "DOR_TO_OPS_IT":"2022-03-01",
       "CATEGORY":"2022-03-07",
       "ASPECT":"2022-03-07",
       "SYSTEM":"INDIGO",
       "DEPT_RESPOSIBLE":"IT",
       "PRODUCT_ID_COVERED":"50000.0",
       "ULIP_NONULIP_GRPS_VIP":"VIP",
       "RESOURCE":"0.0",
       "audited_net_payable":"301812.56",
       "IMPACTED_POLICIES":"351812.56",
       "AMOUNT_IMPACTED":"2",
       "ISSUES_IN_DETAIL":"{'FN365': 'input[1458.9325]output_nav:51.6095fund_SYSTEM :FN365', 'FN361': 'input[1253.772]output_nav:125.953fund_SYSTEM :FN361', 'FN366': 'input[1715.6407]output_nav:39.9859fund_SYSTEM :FN366'}",
       "ID":"4274307",
       "SAMPLE_POL_CUST_ID":"None"
    },
    {
      
       "WHIZIBLE_ID":"27005966602",
       "MONTH":"27",
       "AUDITED_NET_PAYABLE":"2021-03-03",
       "VAL_DQ_IRDA":"VALUATION",
       "FY":"2022-03-03",
       "DOR_TO_OPS_IT":"2022-03-01",
       "CATEGORY":"2022-03-04",
       "ASPECT":"2022-03-04",
       "SYSTEM":"INDIGO",
       "DEPT_RESPOSIBLE":"IT",
       "PRODUCT_ID_COVERED":"20000.0",
       "ULIP_NONULIP_GRPS_VIP":"VIP",
       "RESOURCE":"0.0",
       "audited_net_payable":"609481.88",
       "IMPACTED_POLICIES":"609304.88",
       "AMOUNT_IMPACTED":"2",
       "ISSUES_IN_DETAIL":"{'FN442': 'input[2053.7706]output_nav:47.3128fund_SYSTEM :FN442', 'FN444': 'input[4539.0414]output_nav:26.4632fund_SYSTEM :FN444', 'FN443': 'input[10975.8841]output_nav:35.7324fund_SYSTEM :FN443'}",
       "ID":"4259343",
       "SAMPLE_POL_CUST_ID":"None"
    },
    {
      
       "WHIZIBLE_ID":"50023693609",
       "MONTH":"50",
       "AUDITED_NET_PAYABLE":"2021-11-06",
       "VAL_DQ_IRDA":"VALUATION",
       "FY":"2022-02-07",
       "DOR_TO_OPS_IT":"2022-03-01",
       "CATEGORY":"2022-02-07",
       "ASPECT":"2022-02-07",
       "SYSTEM":"INDIGO",
       "DEPT_RESPOSIBLE":"IT",
       "PRODUCT_ID_COVERED":"6000.0",
       "ULIP_NONULIP_GRPS_VIP":"VIP",
       "RESOURCE":"0.0",
       "audited_net_payable":"136543.62",
       "IMPACTED_POLICIES":"148543.62",
       "AMOUNT_IMPACTED":"2",
       "ISSUES_IN_DETAIL":"{'FN366': 'input[1541.7681]output_nav:39.6975fund_SYSTEM :FN366', 'FN361': 'input[547.7543]output_nav:137.5421fund_SYSTEM :FN361'}",
       "ID":"4209795",
       "SAMPLE_POL_CUST_ID":"None"
    }
 ],
 
 "sample":[
   {

   }
 ]
}