

{
    "response_code": 1,
    "response_message": "Code executed successfully",
    "response_text":[
        
         {
            "Module":"DISCO ULIP",
          "REPORT_RUN_DATE": "0",
          "EXTRACTION_DATE": "HHN",
          "Pass_Cases": "norecord",
          "FAIL": "HGSH",
          "QC_WIP": "000DDF",
          "REPORT_EXTRACTION_STATUS": "Complete",
          "AGEING_0_5_DAYS": "0",
          "AGEING_5_30_DAYS": "AYTRT",
          "AGEING_30_DAYS":"6666"
          },
          {
            "Module":"1M",
          "REPORT_RUN_DATE": "0",
          "EXTRACTION_DATE": "HHN",
          "Pass_Cases": "80",
          "FAIL": "HGSH",
          "QC_WIP": "000DDF",
          "REPORT_EXTRACTION_STATUS": "Complete",
          "AGEING_0_5_DAYS": "0",
          "AGEING_5_30_DAYS": "AYTRT",
          "AGEING_30_DAYS":"6666"
          },
          {
            "Module":"2W",
          "REPORT_RUN_DATE": "0",
          "EXTRACTION_DATE": "HHN",
          "Pass_Cases":" 0.0",
          "FAIL": "HGSH",
          "QC_WIP": "000DDF",
          "REPORT_EXTRACTION_STATUS": "Complete",
          "AGEING_0_5_DAYS": "0",
          "AGEING_5_30_DAYS": "AYTRT",
          "AGEING_30_DAYS":"6666"
          },
          {
            "Module":"2M",
          "REPORT_RUN_DATE": "0",
          "EXTRACTION_DATE": "HHN",
          "Pass_Cases": "30",
          "FAIL": "HGSH",
          "QC_WIP": "000DDF",
          "REPORT_EXTRACTION_STATUS": "Complete",
          "AGEING_0_5_DAYS": "0",
          "AGEING_5_30_DAYS": "AYTRT",
          "AGEING_30_DAYS":"6666"
          },
          {
            "Module":"15W",
          "REPORT_RUN_DATE": "0",
          "EXTRACTION_DATE": "HHN",
          "Pass_Cases": "norecord",
          "FAIL": "HGSH",
          "QC_WIP": "000DDF",
          "REPORT_EXTRACTION_STATUS": "Complete",
          "AGEING_0_5_DAYS": "0",
          "AGEING_5_30_DAYS": "AYTRT",
          "AGEING_30_DAYS":"6666"
          }
      
      
    ]
   
  }
  
  
      
  
  
    