{

    "response_text":
   [
    {
      "POLICY_NO": "1G826775502",
      "CALCULATED_VALUE": 1829.92,
      "wfthread": 2506138,
      "audited_net_payable": 13616.83219178082,
      "premium_paid": 9931.36,
      "net_payable": 13616.83,
      "doc": "2020-09-14",
      "audited_mortality_charges": 1829.917808219178,
      "mortality_factor": 0.759,
      "audited_premium_paid": 9931.36,
      "inward_date": "2020-12-11",
      "SYSTEM_VALUE": 3001.25,
      "sum_assured": 10000000,
      "audited_stampduty_fee": 2000,
      "stampduty_status": "stamp_status",
      "plan_id": 236,
      "uin": 568999,
      "dateOfSubmission": "2021/06/04",
      "PQ_QC_FLAG":"Fail",
      "PQ_QC_REMARKS":"Clear case but MF not recovered" 
    },
    {
      "POLICY_NO": "1G826775502",
      "CALCULATED_VALUE": 1829.92,
      "wfthread": 2506138,
      "audited_net_payable": 13616.83219178082,
      "premium_paid": 9931.36,
      "net_payable": 13616.83,
      "doc": "2020-09-14",
      "audited_mortality_charges": 1829.917808219178,
      "mortality_factor": 0.759,
      "audited_premium_paid": 9931.36,
      "inward_date": "2020-12-11",
      "SYSTEM_VALUE": 3001.25,
      "sum_assured": 10000000,
      "audited_stampduty_fee": 2000,
      "stampduty_status": "stamp_status",
      "plan_id": 236,
      "uin": 568999,
      "dateOfSubmission": "2021/06/04",
      "PQ_QC_FLAG":"Fail",
      "PQ_QC_REMARKS":"Clear case but MF not recovered" 
    },
    {
      "POLICY_NO": "1G826775502",
      "CALCULATED_VALUE": 1829.92,
      "wfthread": 2506138,
      "audited_net_payable": 13616.83219178082,
      "premium_paid": 9931.36,
      "net_payable": 13616.83,
      "doc": "2020-09-14",
      "audited_mortality_charges": 1829.917808219178,
      "mortality_factor": 0.759,
      "audited_premium_paid": 9931.36,
      "inward_date": "2020-12-11",
      "SYSTEM_VALUE": 3001.25,
      "sum_assured": 10000000,
      "audited_stampduty_fee": 2000,
      "stampduty_status": "stamp_status",
      "plan_id": 236,
      "uin": 568999,
      "dateOfSubmission": "2021/06/04",
      "PQ_QC_FLAG":"Fail",
      "PQ_QC_REMARKS":"Clear case but MF not recovered" 
    },
    {
      "POLICY_NO": "1G826775502",
      "CALCULATED_VALUE": 1829.92,
      "wfthread": 2506138,
      "audited_net_payable": 13616.83219178082,
      "premium_paid": 9931.36,
      "net_payable": 13616.83,
      "doc": "2020-09-14",
      "audited_mortality_charges": 1829.917808219178,
      "mortality_factor": 0.759,
      "audited_premium_paid": 9931.36,
      "inward_date": "2020-12-11",
      "SYSTEM_VALUE": 3001.25,
      "sum_assured": 10000000,
      "audited_stampduty_fee": 2000,
      "stampduty_status": "stamp_status",
      "plan_id": 236,
      "uin": 568999,
      "dateOfSubmission": "2021/06/04",
      "PQ_QC_FLAG":"Fail",
      "PQ_QC_REMARKS":"Clear case but MF not recovered" 
    },

    {
      "POLICY_NO": "1G826775502",
      "CALCULATED_VALUE": 1829.92,
      "wfthread": 2506138,
      "audited_net_payable": 13616.83219178082,
      "premium_paid": 9931.36,
      "net_payable": 13616.83,
      "doc": "2020-09-14",
      "audited_mortality_charges": 1829.917808219178,
      "mortality_factor": 0.759,
      "audited_premium_paid": 9931.36,
      "inward_date": "2020-12-11",
      "SYSTEM_VALUE": 3001.25,
      "sum_assured": 10000000,
      "audited_stampduty_fee": 2000,
      "stampduty_status": "stamp_status",
      "plan_id": 236,
      "uin": 568999,
      "dateOfSubmission": "2021/06/04",
      "PQ_QC_FLAG":"Fail",
      "PQ_QC_REMARKS":"Clear case but MF not recovered" 
    },
    {
      "POLICY_NO": "1G826775502",
      "CALCULATED_VALUE": 1829.92,
      "wfthread": 2506138,
      "audited_net_payable": 13616.83219178082,
      "premium_paid": 9931.36,
      "net_payable": 13616.83,
      "doc": "2020-09-14",
      "audited_mortality_charges": 1829.917808219178,
      "mortality_factor": 0.759,
      "audited_premium_paid": 9931.36,
      "inward_date": "2020-12-11",
      "SYSTEM_VALUE": 3001.25,
      "sum_assured": 10000000,
      "audited_stampduty_fee": 2000,
      "stampduty_status": "stamp_status",
      "plan_id": 236,
      "uin": 568999,
      "dateOfSubmission": "2021/06/04",
      "PQ_QC_FLAG":"Fail",
      "PQ_QC_REMARKS":"Clear case but MF not recovered" 
    },
    {
      "POLICY_NO": "1G826775502",
      "CALCULATED_VALUE": 1829.92,
      "wfthread": 2506138,
      "audited_net_payable": 13616.83219178082,
      "premium_paid": 9931.36,
      "net_payable": 13616.83,
      "doc": "2020-09-14",
      "audited_mortality_charges": 1829.917808219178,
      "mortality_factor": 0.759,
      "audited_premium_paid": 9931.36,
      "inward_date": "2020-12-11",
      "SYSTEM_VALUE": 3001.25,
      "sum_assured": 10000000,
      "audited_stampduty_fee": 2000,
      "stampduty_status": "stamp_status",
      "plan_id": 236,
      "uin": 568999,
      "dateOfSubmission": "2021/06/04",
      "PQ_QC_FLAG":"Fail",
      "PQ_QC_REMARKS":"Clear case but MF not recovered" ,
      "DOC": "2004-12-07 00:00:00",
      "QC_REMARKS": "fghjk"
    }
   ],
    
   
    "response_message":"Successful Output",
    "response_code":1
   
 }