{
 
   "response_text":[

    {"POL_ID": 1,  "FV": 1.0079, "FUND_ID":222222, "maya":"2000"},
    {"POL_ID": 2,  "FV": 4.0026, "FUND_ID":222222, "maya":"2000"},
    {"POL_ID": 3,  "FV": 6.941, "FUND_ID":222222, "maya":"2000"},
    {"POL_ID": 4,  "FV": 9.0122, "FUND_ID":222222, "maya":"2000"},
    {"POL_ID": 5,  "FV": 10.811, "FUND_ID":222222, "maya":"2000"},
    {"POL_ID": 6,  "FV": 12.0107, "FUND_ID":222222, "maya":"2000"},
    {"POL_ID": 7,  "FV": 14.0067, "FUND_ID":222222, "maya":"2000"},
    {"POL_ID": 8,  "FV": 15.9994, "FUND_ID":222222, "maya":"2000"},
    {"POL_ID": 9,  "FV": 18.9984, "FUND_ID":222222, "maya":"2000"},
    {"POL_ID": 10,  "FV": 20.1797, "FUND_ID":222222, "maya":"2000"},
    {"POL_ID": 11,  "FV": 22.9897, "FUND_ID":222222, "maya":"2000"},
    {"POL_ID": 12,  "FV": 24.305, "FUND_ID":222222, "maya":"1234"},
    {"POL_ID": 13,  "FV": 26.9815, "FUND_ID":222222, "maya":"2000"},
    {"POL_ID": 14,  "FV": 28.0855, "FUND_ID":222222, "maya":"2000"}
 
   ],
   "response_code": 1,
   "response_message": "Code executed successfully"
}